Mes,Anio,Fecha,Total,Alimentos,Vivienda,Vestuario,Salud,Educacion,Diversion,Transporte,Comunicaciones,Otros Gastos
Enero,1988,01/01/1988,5.28,5.37,5.96,15.25,,,,,,
Febrero,1988,01/02/1988,5.49,5.61,6.06,15.74,,,,,,
Marzo,1988,01/03/1988,5.65,5.77,6.2,16.06,,,,,,
Abril,1988,01/04/1988,5.87,6.06,6.32,16.32,,,,,,
Mayo,1988,01/05/1988,5.97,6.17,6.42,16.61,,,,,,
Junio,1988,01/06/1988,6.12,6.36,6.5,16.89,,,,,,
Julio,1988,01/07/1988,6.2,6.45,6.62,17.08,,,,,,
Agosto,1988,01/08/1988,6.19,6.37,6.72,17.4,,,,,,
Septiembre,1988,01/09/1988,6.24,6.38,6.85,17.65,,,,,,
Octubre,1988,01/10/1988,6.33,6.49,6.95,17.91,,,,,,
Noviembre,1988,01/11/1988,6.42,6.57,7.06,18.25,,,,,,
Diciembre,1988,01/12/1988,6.57,6.76,7.15,18.6,,,,,,
Enero,1989,01/01/1989,6.75,6.98,7.32,18.85,4.04,4.42,,,,5.51
Febrero,1989,01/02/1989,6.98,7.2,7.46,19.09,4.28,5.09,,,,5.65
Marzo,1989,01/03/1989,7.15,7.4,7.63,19.41,4.58,5.13,,,,5.74
Abril,1989,01/04/1989,7.33,7.57,7.8,19.81,4.83,5.22,,,,5.87
Mayo,1989,01/05/1989,7.46,7.67,7.98,20.21,4.95,5.27,,,,6.05
Junio,1989,01/06/1989,7.56,7.72,8.13,20.59,5.04,5.3,,,,6.19
Julio,1989,01/07/1989,7.68,7.81,8.29,20.94,5.11,5.39,,,,6.3
Agosto,1989,01/08/1989,7.78,7.87,8.43,21.31,5.19,5.44,,,,6.47
Septiembre,1989,01/09/1989,7.89,7.91,8.57,21.8,5.28,5.57,,,,6.71
Octubre,1989,01/10/1989,8.02,8.03,8.71,22.14,5.36,5.62,,,,6.94
Noviembre,1989,01/11/1989,8.16,8.22,8.84,22.53,5.43,5.69,,,,7.15
Diciembre,1989,01/12/1989,8.28,8.31,8.98,23.03,5.46,5.73,,,,7.27
Enero,1990,01/01/1990,8.55,8.54,9.21,23.42,5.61,5.81,,,,7.42
Febrero,1990,01/02/1990,8.87,8.8,9.42,23.88,5.79,6.75,,,,7.58
Marzo,1990,01/03/1990,9.13,9.12,9.67,24.38,6.05,6.91,,,,7.9
Abril,1990,01/04/1990,9.38,9.43,9.9,25.01,6.35,7,,,,8.22
Mayo,1990,01/05/1990,9.57,9.59,10.13,25.56,6.58,7.07,,,,8.51
Junio,1990,01/06/1990,9.75,9.79,10.34,26.1,6.8,7.11,,,,8.7
Julio,1990,01/07/1990,9.88,9.89,10.51,26.59,6.97,7.19,,,,8.84
Agosto,1990,01/08/1990,10.04,10,10.73,27.04,7.12,7.26,,,,8.99
Septiembre,1990,01/09/1990,10.28,10.21,10.99,27.63,7.25,7.53,,,,9.29
Octubre,1990,01/10/1990,10.48,10.45,11.18,28.2,7.33,7.61,,,,9.6
Noviembre,1990,01/11/1990,10.69,10.72,11.37,28.91,7.39,7.68,,,,9.78
Diciembre,1990,01/12/1990,10.96,11.01,11.63,29.63,7.45,7.73,,,,9.99
Enero,1991,01/01/1991,11.29,11.37,11.93,30.13,7.67,7.82,,,,10.18
Febrero,1991,01/02/1991,11.68,11.66,12.29,30.66,7.91,9,,,,10.4
Marzo,1991,01/03/1991,11.97,11.97,12.61,31.41,8.25,9.15,,,,10.67
Abril,1991,01/04/1991,12.31,12.34,13,32.06,8.53,9.32,,,,11.01
Mayo,1991,01/05/1991,12.58,12.63,13.34,32.73,8.7,9.38,,,,11.3
Junio,1991,01/06/1991,12.78,12.84,13.55,33.38,8.92,9.43,,,,11.51
Julio,1991,01/07/1991,13.01,13.07,13.79,33.93,9.09,9.5,,,,11.65
Agosto,1991,01/08/1991,13.17,13.18,14.02,34.43,9.2,9.6,,,,11.87
Septiembre,1991,01/09/1991,13.37,13.28,14.25,34.89,9.35,9.89,,,,12.11
Octubre,1991,01/10/1991,13.54,13.46,14.46,35.44,9.45,9.94,,,,12.38
Noviembre,1991,01/11/1991,13.71,13.59,14.66,36.06,9.55,9.99,,,,12.6
Diciembre,1991,01/12/1991,13.9,13.8,14.89,36.8,9.63,10.08,,,,12.76
Enero,1992,01/01/1992,14.39,14.33,15.34,37.38,9.89,10.19,,,,13
Febrero,1992,01/02/1992,14.87,14.76,15.68,37.92,10.27,11.54,,,,13.33
Marzo,1992,01/03/1992,15.21,15.22,16.01,38.48,10.74,11.64,,,,13.72
Abril,1992,01/04/1992,15.65,15.88,16.38,39.08,11.14,11.8,,,,14.07
Mayo,1992,01/05/1992,16.01,16.48,16.67,39.67,11.39,11.96,,,,14.33
Junio,1992,01/06/1992,16.37,17.08,16.92,40.24,11.61,12.01,,,,14.7
Julio,1992,01/07/1992,16.7,17.66,17.2,40.78,11.84,12.04,,,,14.87
Agosto,1992,01/08/1992,16.82,17.65,17.49,41.17,12.02,12.08,,,,15.02
Septiembre,1992,01/09/1992,16.96,17.58,17.76,41.73,12.17,12.39,,,,15.33
Octubre,1992,01/10/1992,17.11,17.62,18,42.31,12.36,12.44,,,,15.57
Noviembre,1992,01/11/1992,17.23,17.59,18.23,42.99,12.52,12.5,,,,15.79
Diciembre,1992,01/12/1992,17.4,17.65,18.51,43.75,12.69,12.62,,,,15.96
Enero,1993,01/01/1993,17.96,18.19,19.03,44.29,12.99,12.83,,,,16.46
Febrero,1993,01/02/1993,18.54,18.45,19.51,44.98,13.56,14.77,,,,16.99
Marzo,1993,01/03/1993,18.89,18.71,19.97,45.77,14.21,14.99,,,,17.35
Abril,1993,01/04/1993,19.26,19.05,20.48,46.6,14.64,15.09,,,,17.67
Mayo,1993,01/05/1993,19.57,19.16,21.04,47.48,14.95,15.14,,,,18.02
Junio,1993,01/06/1993,19.87,19.35,21.52,48.21,15.22,15.19,,,,18.36
Julio,1993,01/07/1993,20.12,19.45,21.99,48.9,15.41,15.26,,,,18.54
Agosto,1993,01/08/1993,20.37,19.48,22.55,49.41,15.54,15.55,,,,18.74
Septiembre,1993,01/09/1993,20.6,19.56,22.9,50.08,15.7,15.91,,,,19.04
Octubre,1993,01/10/1993,20.82,19.7,23.27,50.62,15.84,16,,,,19.29
Noviembre,1993,01/11/1993,21.09,19.97,23.65,51.13,15.97,16.09,,,,19.47
Diciembre,1993,01/12/1993,21.33,20.2,23.97,51.69,16.13,16.16,,,,19.7
Enero,1994,01/01/1994,22,21,24.48,52.26,16.57,16.36,,,,20.29
Febrero,1994,01/02/1994,22.81,21.77,24.97,52.85,17.1,18.95,,,,20.78
Marzo,1994,01/03/1994,23.32,22.32,25.55,53.54,17.81,19.14,,,,21.25
Abril,1994,01/04/1994,23.87,23.11,26.13,54.17,18.38,19.28,,,,21.67
Mayo,1994,01/05/1994,24.24,23.41,26.74,54.8,18.73,19.36,,,,22.06
Junio,1994,01/06/1994,24.46,23.49,27.14,55.47,19.13,19.4,,,,22.34
Julio,1994,01/07/1994,24.68,23.54,27.63,55.94,19.46,19.47,,,,22.29
Agosto,1994,01/08/1994,24.92,23.75,28.07,56.35,19.71,19.55,,,,22.29
Septiembre,1994,01/09/1994,25.2,23.83,28.54,56.83,19.97,20.11,,,,22.48
Octubre,1994,01/10/1994,25.48,24.08,28.99,57.32,20.17,20.16,,,,22.81
Noviembre,1994,01/11/1994,25.76,24.35,29.45,57.84,20.32,20.24,,,,23.09
Diciembre,1994,01/12/1994,26.15,24.86,29.89,58.37,20.45,20.31,,,,23.4
Enero,1995,01/01/1995,26.63,25.36,30.42,58.95,20.85,20.63,,,,23.73
Febrero,1995,01/02/1995,27.57,26.12,31,59.63,21.57,23.78,,,,24.57
Marzo,1995,01/03/1995,28.29,26.9,31.77,60.49,22.53,24.06,,,,25.35
Abril,1995,01/04/1995,28.92,27.7,32.54,61.17,23.19,24.21,,,,25.75
Mayo,1995,01/05/1995,29.4,28.18,33.22,61.85,23.61,24.32,,,,25.99
Junio,1995,01/06/1995,29.76,28.36,33.81,62.63,23.98,24.42,,,,26.64
Julio,1995,01/07/1995,29.99,28.29,34.21,63.23,24.3,24.56,,,,27.42
Agosto,1995,01/08/1995,30.18,28.19,34.68,63.67,24.53,24.65,,,,27.77
Septiembre,1995,01/09/1995,30.44,28.29,35.06,64.08,24.67,25.21,,,,28.07
Octubre,1995,01/10/1995,30.71,28.41,35.57,64.54,24.87,25.4,,,,28.37
Noviembre,1995,01/11/1995,30.95,28.56,35.99,65.01,25.06,25.49,,,,28.6
Diciembre,1995,01/12/1995,31.24,28.88,36.35,65.74,25.18,25.57,,,,28.88
Enero,1996,01/01/1996,32.02,29.95,36.91,66.36,25.62,25.99,,,,29.69
Febrero,1996,01/02/1996,33.31,30.86,37.86,67.01,26.54,30.83,,,,30.51
Marzo,1996,01/03/1996,34.01,31.34,38.75,67.8,27.69,31.45,,,,31.29
Abril,1996,01/04/1996,34.68,31.74,39.63,68.61,28.67,32.25,,,,31.78
Mayo,1996,01/05/1996,35.22,31.88,40.54,69.28,29.19,33.31,,,,32.04
Junio,1996,01/06/1996,35.62,31.99,41.31,70.02,29.61,33.84,,,,32.27
Julio,1996,01/07/1996,36.16,32.45,42.34,70.83,29.88,33.86,,,,32.44
Agosto,1996,01/08/1996,36.56,32.68,43.15,71.16,30.08,34.1,,,,32.72
Septiembre,1996,01/09/1996,37,32.97,43.69,71.66,30.26,34.91,,,,33.16
Octubre,1996,01/10/1996,37.42,33.52,44.27,72.03,30.42,34.93,,,,33.61
Noviembre,1996,01/11/1996,37.72,33.93,44.6,72.47,30.62,35,,,,33.95
Diciembre,1996,01/12/1996,38,34.16,45.06,72.95,30.78,34.97,,,,34.36
Enero,1997,01/01/1997,38.63,34.64,45.56,73.59,31.28,35.37,,,,34.71
Febrero,1997,01/02/1997,39.83,35.15,46.3,74.25,32.17,41.86,,,,35.22
Marzo,1997,01/03/1997,40.45,35.59,47.27,74.9,33.54,41.51,,,,36.01
Abril,1997,01/04/1997,41.11,36.02,48.26,75.53,34.72,41.72,,,,36.54
Mayo,1997,01/05/1997,41.77,36.73,49.2,76.3,35.41,41.85,,,,37.25
Junio,1997,01/06/1997,42.28,37.23,49.88,76.94,35.88,41.87,,,,37.93
Julio,1997,01/07/1997,42.63,37.51,50.41,77.37,36.28,41.96,,,,38.41
Agosto,1997,01/08/1997,43.12,38.16,51.03,77.73,36.6,42.07,,,,38.7
Septiembre,1997,01/09/1997,43.66,38.86,51.51,78.24,36.89,42.83,,,,39.18
Octubre,1997,01/10/1997,44.08,39.51,51.95,78.73,37.12,42.85,,,,39.63
Noviembre,1997,01/11/1997,44.44,39.87,52.44,79.21,37.25,42.88,,,,40.1
Diciembre,1997,01/12/1997,44.72,39.76,52.99,79.82,37.39,42.93,,,,40.6
Enero,1998,01/01/1998,45.52,40.64,53.79,80.4,37.94,43.29,,,,41.23
Febrero,1998,01/02/1998,47.01,41.99,54.25,80.97,39,48.96,,,,42.24
Marzo,1998,01/03/1998,48.24,43.81,55.38,81.49,40.42,49.32,,,,43.06
Abril,1998,01/04/1998,49.64,46.44,56.28,82.15,41.86,49.51,,,,43.65
Mayo,1998,01/05/1998,50.41,47.45,57.21,82.77,42.61,49.78,,,,44.41
Junio,1998,01/06/1998,51.03,48.4,57.82,83.44,43.14,49.88,,,,44.91
Julio,1998,01/07/1998,51.27,48.17,58.33,83.96,43.68,49.99,,,,45.65
Agosto,1998,01/08/1998,51.29,47.48,58.82,84.34,44.12,49.87,,,,46.35
Septiembre,1998,01/09/1998,51.44,46.76,59.55,84.72,44.42,50.72,,,,46.97
Octubre,1998,01/10/1998,51.62,46.2,60.38,85.23,44.71,50.79,,,,47.84
Noviembre,1998,01/11/1998,51.71,45.79,60.82,85.6,44.85,50.82,66.95,,,48.35
Diciembre,1998,01/12/1998,52.18,46,61.78,86.06,45.1,50.89,66.95,,,48.82
Enero,1999,01/01/1999,53.34,47.78,62.07,86.53,45.44,50.89,68.43,44.63,42.86,50.36
Febrero,1999,01/02/1999,54.24,48.81,62.53,87,46.35,55.84,68.66,45.13,43.34,51
Marzo,1999,01/03/1999,54.75,48.95,63.12,87.27,47.93,56.14,69.47,45.55,43.98,52.42
Abril,1999,01/04/1999,55.18,48.88,63.8,87.44,48.87,56.19,69.96,46.52,44.5,53.2
Mayo,1999,01/05/1999,55.45,48.76,64.14,87.72,49.57,56.24,70.17,47.11,45.33,53.96
Junio,1999,01/06/1999,55.6,48.56,64.38,87.84,50.05,56.29,70.56,47.71,45.61,54.29
Julio,1999,01/07/1999,55.77,48.48,64.33,87.99,50.29,56.31,70.65,48.47,45.65,55.27
Agosto,1999,01/08/1999,56.05,48.68,64.55,88.23,50.74,56.36,70.8,49.09,45.76,55.56
Septiembre,1999,01/09/1999,56.24,48.75,64.66,88.4,51.38,57.03,67.68,49.94,45.93,55.86
Octubre,1999,01/10/1999,56.43,48.72,65.01,88.35,51.64,57.12,68.86,50.21,46.21,56.17
Noviembre,1999,01/11/1999,56.7,48.98,65.19,88.61,51.81,57.16,68.69,50.66,47.74,56.51
Diciembre,1999,01/12/1999,57,49.45,65.36,88.76,51.93,57.21,68.54,50.93,49.43,56.7
Enero,2000,01/01/2000,57.74,50.47,65.59,89.06,52.09,57.29,70.2,51.57,50.63,58.46
Febrero,2000,01/02/2000,59.07,52.09,66.14,89.21,53.06,60.3,71.29,52.5,56.87,60.3
Marzo,2000,01/03/2000,60.08,53.11,66.82,89.42,54.12,61.55,71.81,53.53,57.89,62.62
Abril,2000,01/04/2000,60.68,53.76,67.11,89.8,54.89,61.61,72.27,54.89,58.11,63.12
Mayo,2000,01/05/2000,60.99,53.75,67.58,89.99,55.34,61.68,72.37,55.46,60.76,63.46
Junio,2000,01/06/2000,60.98,53.37,67.75,90.3,55.65,61.72,72.67,55.51,60.94,63.75
Julio,2000,01/07/2000,60.96,52.64,67.95,90.46,55.98,61.78,72.97,56.35,61.14,63.92
Agosto,2000,01/08/2000,61.15,52.6,68.16,90.79,56.25,61.9,73.28,57.03,61.35,63.98
Septiembre,2000,01/09/2000,61.41,52.74,68.44,91.01,56.54,62.46,73.73,57.43,61.52,64.25
Octubre,2000,01/10/2000,61.5,52.79,68.32,91.22,56.76,62.52,74.28,57.74,61.73,64.48
Noviembre,2000,01/11/2000,61.71,52.92,68.43,91.49,57.04,62.56,74.51,58.24,62.14,64.68
Diciembre,2000,01/12/2000,61.99,53.11,68.56,91.94,57.27,62.62,76.58,58.49,62.48,65.32
Enero,2001,01/01/2001,62.64,54.21,68.75,92.13,57.65,62.75,78.33,58.8,63.52,66.38
Febrero,2001,01/02/2001,63.83,56,69.12,92.27,58.72,65.45,78.75,59.76,66.97,67.39
Marzo,2001,01/03/2001,64.77,56.88,69.65,92.57,60.12,66.58,79.77,61.55,67.65,68.43
Abril,2001,01/04/2001,65.51,57.92,69.98,92.95,60.94,68.22,79.99,61.95,68.33,69.56
Mayo,2001,01/05/2001,65.79,58.25,70.22,93.3,61.29,68.24,80.17,62.18,69.14,69.77
Junio,2001,01/06/2001,65.82,57.89,70.3,93.66,61.59,68.26,80.92,62.58,69.39,69.91
Julio,2001,01/07/2001,65.89,57.78,70.49,93.88,61.91,68.3,81.44,62.63,69.6,70.04
Agosto,2001,01/08/2001,66.06,58.01,70.74,94.06,62.26,68.33,81.98,62.68,69.75,69.8
Septiembre,2001,01/09/2001,66.3,58.33,71.05,93.98,62.63,68.97,81.96,62.66,70.09,69.97
Octubre,2001,01/10/2001,66.43,58.35,71.29,94.01,62.99,68.97,81.73,62.91,69.94,70.07
Noviembre,2001,01/11/2001,66.5,58.29,71.43,94.14,63.24,68.98,81.75,63.12,70.28,70.16
Diciembre,2001,01/12/2001,66.73,58.71,71.48,94.35,63.49,69,82.03,63.31,70.57,70.27
Enero,2002,01/01/2002,67.26,59.58,71.63,94.54,63.85,69.02,83.65,63.73,70.91,71.02
Febrero,2002,01/02/2002,68.11,60.69,71.8,94.45,64.51,71.72,84.79,64.53,72.77,72.1
Marzo,2002,01/03/2002,68.59,60.96,72.26,94.65,65.69,72.76,85.35,64.78,74.11,73.04
Abril,2002,01/04/2002,69.22,61.77,72.66,94.59,66.52,72.77,85.78,65.41,75.85,74.04
Mayo,2002,01/05/2002,69.63,62.72,72.82,94.52,67.06,72.79,85.62,65.39,76.32,74.39
Junio,2002,01/06/2002,69.93,63.21,73.24,94.74,67.56,72.8,85.69,65.29,75.72,74.66
Julio,2002,01/07/2002,69.94,62.92,73.4,94.89,67.83,72.82,85.59,65.41,76.17,74.99
Agosto,2002,01/08/2002,70.01,62.89,73.62,94.83,67.97,72.73,85.55,65.5,76.39,75.09
Septiembre,2002,01/09/2002,70.26,63.32,73.76,94.82,68.21,73.4,85.8,65.43,76.7,75.39
Octubre,2002,01/10/2002,70.66,64.06,73.93,94.84,68.46,73.41,85.99,65.66,77.03,75.91
Noviembre,2002,01/11/2002,71.2,65,74.2,94.98,68.97,73.43,86.05,66.29,77.46,76.34
Diciembre,2002,01/12/2002,71.4,65.12,74.39,95,69.35,73.46,86.34,66.52,78.46,76.59
Enero,2003,01/01/2003,72.23,65.93,74.71,95.29,69.87,73.48,87.96,68.7,79.29,77.47
Febrero,2003,01/02/2003,73.04,66.36,75.47,95.37,70.8,75.43,88.42,69.9,81.04,78.7
Marzo,2003,01/03/2003,73.8,66.99,76.28,95.48,72.06,76.31,88.89,70.71,82.99,79.64
Abril,2003,01/04/2003,74.65,68.42,76.81,95.6,72.85,76.4,89.15,71.71,83.15,80.05
Mayo,2003,01/05/2003,75.01,68.84,77.2,95.88,73.33,76.43,89.71,71.89,84.13,80.4
Junio,2003,01/06/2003,74.97,68.11,77.61,96.05,73.73,76.46,89.79,72.1,85.1,80.69
Julio,2003,01/07/2003,74.86,67.58,77.7,95.93,74.08,76.47,89.34,72.36,85.42,80.73
Agosto,2003,01/08/2003,75.1,67.58,77.92,95.78,74.35,76.55,89.96,73.24,85.73,80.91
Septiembre,2003,01/09/2003,75.26,67.45,78.16,95.84,74.45,77.03,90,73.98,86.04,80.95
Octubre,2003,01/10/2003,75.31,67.36,78.45,95.67,74.9,77.02,89.94,73.93,86.23,80.91
Noviembre,2003,01/11/2003,75.57,67.74,78.77,96.2,75.05,77.02,90.66,73.96,86.43,80.87
Diciembre,2003,01/12/2003,76.03,68.59,79.04,96.4,75.32,77.01,90.85,74.41,86.66,81.02
Enero,2004,01/01/2004,76.7,69.51,79.4,96.58,75.86,76.99,93.16,75.25,87.03,81.61
Febrero,2004,01/02/2004,77.62,70.54,79.97,96.78,76.71,79.55,93.77,75.99,88.43,82.88
Marzo,2004,01/03/2004,78.39,71.38,80.32,97.2,77.91,80.55,94.2,77.22,90.75,83.31
Abril,2004,01/04/2004,78.74,71.64,80.78,97.51,78.64,80.54,94.34,77.38,91.61,84.09
Mayo,2004,01/05/2004,79.04,72.05,81.19,97.63,79.15,80.56,94.39,77.41,92.37,84.18
Junio,2004,01/06/2004,79.52,72.53,81.83,97.55,79.64,80.56,94.55,78.27,93.1,84.14
Julio,2004,01/07/2004,79.5,72.02,82.05,97.57,79.92,80.57,94.54,78.48,92.54,84.82
Agosto,2004,01/08/2004,79.52,72.02,82.02,97.72,80.08,80.68,94.39,78.57,92.9,84.78
Septiembre,2004,01/09/2004,79.76,72.31,82.26,97.76,80.16,81.33,94.35,78.84,93.16,84.75
Octubre,2004,01/10/2004,79.75,72.23,82.42,97.47,80.25,81.36,94.11,78.99,91.49,84.83
Noviembre,2004,01/11/2004,79.97,72.33,82.65,97.53,80.41,81.37,93.96,79.81,91.61,84.88
Diciembre,2004,01/12/2004,80.21,72.31,82.92,97.75,80.59,81.39,94.74,80.69,91.72,84.96
Enero,2005,01/01/2005,80.87,73.36,83.1,97.86,81.06,81.41,95.23,81.8,92.32,85.58
Febrero,2005,01/02/2005,81.7,74.37,83.64,97.88,81.9,84.25,95.68,82.49,92.78,86.19
Marzo,2005,01/03/2005,82.33,75.31,83.99,98,82.84,84.85,95.94,82.89,95.59,86.58
Abril,2005,01/04/2005,82.69,75.79,84.45,98,83.35,84.88,95.81,83.09,96.28,86.78
Mayo,2005,01/05/2005,83.03,76.35,84.71,98.18,83.74,84.9,95.73,83.4,96.62,86.89
Junio,2005,01/06/2005,83.36,76.92,84.95,98.28,84.24,84.91,96.36,83.53,96.97,87.06
Julio,2005,01/07/2005,83.4,76.72,85.09,98.35,84.54,84.94,96.56,83.63,97.18,87.42
Agosto,2005,01/08/2005,83.4,76.43,85.36,98.32,84.56,84.95,96.49,83.8,97.39,87.47
Septiembre,2005,01/09/2005,83.76,76.9,85.87,98.29,84.5,85.66,96.14,84.1,97.65,87.47
Octubre,2005,01/10/2005,83.95,77.28,85.99,98.28,84.45,85.64,95.98,84.41,97.66,87.47
Noviembre,2005,01/11/2005,84.05,77.19,86.13,98.38,84.63,85.59,96.61,84.74,98.23,87.5
Diciembre,2005,01/12/2005,84.1,77.06,86.33,98.33,84.71,85.59,97.14,84.72,100.23,87.48
Enero,2006,01/01/2006,84.56,77.85,86.49,98.33,85.24,85.5,96.75,85.37,100.03,88.11
Febrero,2006,01/02/2006,85.11,78.38,86.82,98.3,86.13,88.16,96.76,85.71,100.15,89
Marzo,2006,01/03/2006,85.71,79.24,87.36,98.33,86.92,88.99,96.85,85.95,101.27,89.43
Abril,2006,01/04/2006,86.1,79.94,87.66,98.26,87.15,88.98,96.76,86.17,100.97,89.96
Mayo,2006,01/05/2006,86.38,80.34,87.9,98.31,87.34,88.99,96.93,86.39,100.98,90.43
Junio,2006,01/06/2006,86.64,80.54,88.2,98.45,87.67,89,98.13,86.67,100.99,90.72
Julio,2006,01/07/2006,87,80.96,88.43,98.45,87.89,89.01,97.48,87.75,100.91,90.9
Agosto,2006,01/08/2006,87.34,81.33,88.89,98.32,88.23,89.04,97.46,88.4,100.86,90.88
Septiembre,2006,01/09/2006,87.59,81.53,89.2,98.41,88.34,89.57,97.35,88.89,100.99,90.88
Octubre,2006,01/10/2006,87.46,81.38,89.39,98.36,88.53,89.59,96.15,89.1,95,90.83
Noviembre,2006,01/11/2006,87.67,81.37,89.61,98.42,88.94,89.61,97.19,89.45,94.88,91.51
Diciembre,2006,01/12/2006,87.87,81.44,89.93,98.62,89.18,89.61,97.59,89.97,93.93,91.63
Enero,2007,01/01/2007,88.54,82.37,90.13,98.91,89.9,89.62,98.85,91.07,94.12,92.41
Febrero,2007,01/02/2007,89.58,84.11,90.52,99.22,91.18,93.15,99.07,91.37,94.78,93.01
Marzo,2007,01/03/2007,90.67,86.3,91.09,99.46,91.83,93.85,99.28,91.71,95.67,93.75
Abril,2007,01/04/2007,91.48,87.96,91.63,99.67,92.41,93.87,99.21,91.92,95.87,94.44
Mayo,2007,01/05/2007,91.76,88.38,91.96,99.96,92.87,93.87,99.14,91.99,96.03,94.51
Junio,2007,01/06/2007,91.87,88.35,92.26,100.22,93.42,93.87,98.33,92.03,96.04,94.83
Julio,2007,01/07/2007,92.02,88.19,92.45,100.21,93.93,93.86,99.56,92.66,96.05,94.93
Agosto,2007,01/08/2007,91.9,87.21,92.79,100.07,94.1,93.86,99.36,93.67,95.31,94.87
Septiembre,2007,01/09/2007,91.97,87.21,92.96,100.12,94.33,94.32,99.49,93.69,95.33,94.78
Octubre,2007,01/10/2007,91.98,87.06,93.3,100.09,94.57,94.28,95.85,93.99,95.92,94.91
Noviembre,2007,01/11/2007,92.42,87.65,93.58,100.18,94.84,94.28,99.68,94.22,95.92,95.07
Diciembre,2007,01/12/2007,92.87,88.37,93.76,100.25,94.97,94.28,100.03,94.88,96.17,95.68
Enero,2008,01/01/2008,93.85,90.1,94.16,100.35,95.66,94.28,100.6,95.78,96.19,97.07
Febrero,2008,01/02/2008,95.27,92.92,94.49,99.93,96.8,99.28,100.36,96.22,97.24,97.49
Marzo,2008,01/03/2008,96.04,93.73,95.57,100.02,97.71,99.29,100.69,96.85,99.64,97.89
Abril,2008,01/04/2008,96.72,94.84,96.52,100.08,98.08,99.3,100.34,97.12,99.65,98.19
Mayo,2008,01/05/2008,97.62,96.98,97.05,100.1,98.23,99.32,100.48,97.12,99.65,98.68
Junio,2008,01/06/2008,98.47,98.93,97.58,100.25,98.3,99.32,100.14,97.51,99.66,98.66
Julio,2008,01/07/2008,98.94,99.66,97.83,100.12,98.75,99.32,100.1,98.51,99.66,98.77
Agosto,2008,01/08/2008,99.13,99.58,98.44,100.09,99.14,99.37,99,98.9,99.68,99.03
Septiembre,2008,01/09/2008,98.94,98.35,99.19,100.1,99.32,99.93,98.99,98.9,99.72,99.05
Octubre,2008,01/10/2008,99.28,98.51,99.66,100,99.48,99.93,100.12,99.56,99.97,99.46
Noviembre,2008,01/11/2008,99.56,99,100.07,99.97,99.68,99.96,99.04,99.58,99.98,99.82
Diciembre,2008,01/12/2008,100,100,100,100,100,100,100,100,100,100
Enero,2009,01/01/2009,100.59,101.13,100.38,99.89,101.11,100.05,100.37,100.42,100.2,100.79
Febrero,2009,01/02/2009,101.43,101.75,101.04,99.74,102.19,105.7,100.49,100.8,100.5,101.61
Marzo,2009,01/03/2009,101.94,101.86,101.98,99.77,103.19,105.77,100.74,101.15,101.89,102.38
Abril,2009,01/04/2009,102.26,102.36,102.37,99.81,103.63,105.79,100.11,101.27,102.81,102.73
Mayo,2009,01/05/2009,102.28,102.32,102.77,100,104.04,105.81,100.17,100.38,102.81,102.98
Junio,2009,01/06/2009,102.22,101.71,103.04,100.05,104.3,105.83,101.04,100.35,102.75,103.06
Julio,2009,01/07/2009,102.18,101.16,103.27,100.05,104.58,105.84,101.15,100.56,102.86,103.07
Agosto,2009,01/08/2009,102.23,101.03,103.59,99.91,104.68,105.96,101.08,100.36,102.81,103.31
Septiembre,2009,01/09/2009,102.12,100.54,103.73,99.82,104.8,106.28,100.84,100.19,102.72,103.37
Octubre,2009,01/10/2009,101.98,100.13,103.86,99.74,104.84,106.29,100.46,99.93,102.64,103.49
Noviembre,2009,01/11/2009,101.92,99.68,104.08,99.72,104.89,106.29,99.94,99.98,102.5,103.57
Diciembre,2009,01/12/2009,102,99.68,104.26,99.7,104.94,106.3,100.53,100.33,100.89,103.83
Enero,2010,01/01/2010,102.7,100.59,104.67,99.65,106.04,106.28,101.1,101.78,101.21,104.57
Febrero,2010,01/02/2010,103.55,101.67,105.22,99.41,106.82,110.16,100.91,102.3,102.41,105.07
Marzo,2010,01/03/2010,103.81,102.2,105.64,99.24,107.59,110.17,100.59,102.24,101.8,105.36
Abril,2010,01/04/2010,104.29,103.31,106.11,99.19,107.9,110.18,99.97,102.48,101.27,105.66
Mayo,2010,01/05/2010,104.4,103.33,106.43,99.1,108.3,110.19,100.01,102.35,101.14,106.07
Junio,2010,01/06/2010,104.52,103.25,106.87,98.89,108.68,110.19,99.96,102.37,101.04,106.25
Julio,2010,01/07/2010,104.47,102.89,106.94,98.86,108.97,110.2,100.18,102.58,100.76,106.28
Agosto,2010,01/08/2010,104.59,102.85,107.36,98.63,109.2,110.31,100.08,102.49,100.75,106.57
Septiembre,2010,01/09/2010,104.45,102.27,107.39,98.42,109.21,110.53,99.7,102.57,100.76,106.73
Octubre,2010,01/10/2010,104.36,101.82,107.61,98.21,109.23,110.55,99.81,102.43,100.68,106.74
Noviembre,2010,01/11/2010,104.56,102.07,107.93,98.31,109.35,110.56,99.94,102.46,100.66,107.02
Diciembre,2010,01/12/2010,105.24,103.76,108.1,98.37,109.46,110.57,101.11,103.13,100.61,107.13
Enero,2011,01/01/2011,106.19,105.43,108.48,98.49,110.21,110.57,101.56,104.91,101.18,107.75
Febrero,2011,01/02/2011,106.83,106.13,108.8,98.4,110.88,115.18,101.42,105.22,101.22,108.16
Marzo,2011,01/03/2011,107.12,106.22,109.36,98.45,111.61,115.24,100.82,105.59,101.86,108.3
Abril,2011,01/04/2011,107.25,106.18,109.65,98.42,111.85,115.23,100.34,105.95,101.86,108.48
Mayo,2011,01/05/2011,107.55,107.01,109.86,98.57,111.99,115.24,100.38,105.83,101.81,108.7
Junio,2011,01/06/2011,107.9,107.46,110.28,98.59,112.12,115.23,103.25,105.76,101.83,108.72
Julio,2011,01/07/2011,108.05,107.8,110.59,98.68,112.45,115.23,103.21,105.39,101.83,108.85
Agosto,2011,01/08/2011,108.01,107.59,110.89,98.67,112.51,115.33,99.91,105.56,101.74,108.95
Septiembre,2011,01/09/2011,108.35,108.11,111.56,98.72,112.67,115.6,99.66,105.35,101.69,109.06
Octubre,2011,01/10/2011,108.55,108.57,111.75,98.78,113.05,115.62,99.48,105.43,101.64,109.09
Noviembre,2011,01/11/2011,108.7,108.62,111.78,98.84,113.34,115.62,99.61,105.86,102.59,109.28
Diciembre,2011,01/12/2011,109.16,109.23,112.19,98.9,113.45,115.62,100.79,106.29,103.89,109.36
Enero,2012,01/01/2012,109.96,110.64,112.89,98.92,114.5,115.62,100.86,107.15,103.72,109.9
Febrero,2012,01/02/2012,110.63,111.12,113.36,98.92,115.65,120.53,100.73,107.47,104.09,110.32
Marzo,2012,01/03/2012,110.76,111.06,113.7,98.99,116.6,120.56,100.14,107.74,104.07,110.29
Abril,2012,01/04/2012,110.92,111.5,113.51,98.99,117.12,120.55,100.17,108.09,104.9,110.28
Mayo,2012,01/05/2012,111.25,112.06,114.15,99.1,117.33,120.55,99.86,107.94,104.84,110.37
Junio,2012,01/06/2012,111.35,112,114.56,99.16,117.34,120.56,100.99,107.6,104.77,110.38
Julio,2012,01/07/2012,111.32,111.89,114.41,99.27,117.6,120.57,101.27,107.79,104.67,110.48
Agosto,2012,01/08/2012,111.37,111.91,114.76,99.22,117.77,120.7,100.52,107.44,104.56,110.54
Septiembre,2012,01/09/2012,111.69,112.03,115.42,99.26,117.96,120.94,100.32,107.85,104.54,110.69
Octubre,2012,01/10/2012,111.87,112.44,115.46,99.41,118.18,120.94,100.22,108.08,104.6,110.85
Noviembre,2012,01/11/2012,111.72,111.89,115.48,99.55,118.25,120.93,100.24,107.99,104.71,110.78
Diciembre,2012,01/12/2012,111.82,111.98,115.58,99.64,118.29,120.93,101.33,107.83,105.53,110.75
Enero,2013,01/01/2013,112.15,112.51,116.08,99.7,118.87,120.93,101.93,107.62,105.4,111.27
Febrero,2013,01/02/2013,112.65,112.44,116.55,99.67,120.02,125.94,100.61,108.1,105.63,111.64
Marzo,2013,01/03/2013,112.88,112.63,116.53,99.75,120.82,125.93,100.47,108.68,107.59,111.7
Abril,2013,01/04/2013,113.16,113.25,116.85,99.74,121.34,125.93,100.36,108.63,107.58,111.93
Mayo,2013,01/05/2013,113.48,113.5,117.6,99.94,121.66,125.94,100.06,108.7,107.57,111.89
Junio,2013,01/06/2013,113.75,113.49,118.19,100.07,122.06,125.95,101.65,108.84,107.55,111.99
Julio,2013,01/07/2013,113.8,113.73,117.74,100.16,122.2,125.95,102.98,109,108.7,112.03
Agosto,2013,01/08/2013,113.89,113.9,117.95,100.06,122.62,126.04,101.22,109.14,108.74,112.15
Septiembre,2013,01/09/2013,114.23,114.33,118.53,100.07,123,126.21,101.33,109.22,108.7,112.2
Octubre,2013,01/10/2013,113.93,113.18,118.71,100.14,123.11,126.21,101.01,109.09,108.69,112.14
Noviembre,2013,01/11/2013,113.68,112.58,118.41,100.4,123.27,126.22,101.71,108.96,108.67,112.04
Diciembre,2013,01/12/2013,113.98,112.93,118.75,100.58,123.54,126.21,103.19,109.33,108.43,111.89
Enero,2014,01/01/2014,114.54,113.86,118.99,100.68,124.53,126.19,102.38,110.52,108.81,112.24
Febrero,2014,01/02/2014,115.26,114.44,119.71,100.79,125.23,131.01,101.68,110.74,108.87,112.67
Marzo,2014,01/03/2014,115.71,115.14,120.16,100.98,125.96,131.02,101.06,110.99,110.55,112.88
Abril,2014,01/04/2014,116.24,115.95,120.81,101.18,126.41,131.02,101.14,111.44,110.47,113.15
Mayo,2014,01/05/2014,116.81,117.31,121.04,101.39,126.69,131.02,103.44,111.49,110.44,113.37
Junio,2014,01/06/2014,116.91,117.02,121.53,101.48,126.81,131.02,103.66,111.61,110.35,113.57
Julio,2014,14/07/2014,117.09,117.44,121.87,101.58,126.95,131.03,101.97,111.58,110.33,113.68
Agosto,2014,14/08/2014,117.33,117.85,122.22,101.54,127.13,131.16,101.94,111.59,110.31,113.78
Septiembre,2014,14/09/2014,117.49,118.04,122.47,101.57,127.33,131.38,101.92,111.61,110.29,113.93
Octubre,2014,01/10/2014,117.68,118.01,122.78,101.77,127.57,131.39,101.57,112.21,110.29,114.07
Noviembre,2014,01/11/2014,117.84,118.08,123.02,101.87,127.58,131.4,102.12,112.27,110.96,114.23
Diciembre,2014,01/12/2014,118.15,118.23,123.13,102.08,127.82,131.41,106.09,112.87,110.93,114.35
Enero,2015,01/01/2015,118.91,120.03,123.13,102.15,128.77,131.44,106.49,114.06,110.95,114.84
Febrero,2015,01/02/2015,120.28,122.19,123.78,102.28,129.88,137.16,105.76,114.57,113.6,115.53
Marzo,2015,15/03/2015,120.98,123.63,124.49,102.5,131.18,137.2,105.2,114.4,114.64,116.26
Abril,2015,01/04/2015,121.63,124.88,125.13,102.74,131.95,137.2,105.53,114.58,114.59,116.86
Mayo,2015,01/05/2015,121.95,124.54,125.98,102.97,132.28,137.23,108.43,114.54,114.59,117.75
Junio,2015,01/06/2015,122.08,124.27,125.89,103.23,132.55,137.26,109.81,115.35,114.99,118.15
Julio,2015,01/07/2015,122.31,124.1,126.62,103.41,132.9,137.3,107.01,115.82,115.58,118.64
Agosto,2015,01/08/2015,122.9,125.05,127.1,103.52,133.1,137.55,107.04,116.53,115.61,119.23
Septiembre,2015,01/09/2015,123.78,126.65,127.6,103.84,133.26,137.91,108.63,117.44,115.56,119.99
Octubre,2015,01/10/2015,124.62,128.4,128.29,104.33,133.71,138,108.55,117.87,115.62,120.59
Noviembre,2015,01/11/2015,125.37,129.66,129.17,104.84,134.09,138.07,109.48,117.86,116.06,121.36
Diciembre,2015,01/12/2015,126.15,131.05,129.75,105.13,134.59,138.13,110.88,118.37,116.13,122.24
Enero,2016,01/01/2016,127.78,134.75,130.57,105.68,136.6,138.23,112.11,119.21,116.49,123.45
Febrero,2016,01/02/2016,129.41,136.68,131.59,106.18,138.23,145.92,113.23,120.2,116.49,124.9
Marzo,2016,01/03/2016,130.63,138.9,132.69,106.67,139.87,145.96,112.14,120.52,119.14,126.21
Abril,2016,01/04/2016,131.28,140.65,132.51,107.13,141.04,146,112.31,121.07,119.16,127.22
Mayo,2016,01/05/2016,131.95,141.3,133.51,107.53,141.77,146.03,112.54,121.67,119.13,127.95
Junio,2016,01/06/2016,132.58,142.02,134.04,107.95,142.71,146.08,116.1,122.16,119.18,128.54
Julio,2016,01/07/2016,133.27,143.59,134.64,108.2,143.3,146.13,114.1,122.39,119.96,129.04
Agosto,2016,01/08/2016,132.85,141.38,134.84,108.44,144.01,146.44,114,122.81,119.89,129.56
Septiembre,2016,01/09/2016,132.78,140.09,135.29,108.67,144.74,146.86,113.1,123.05,121.65,130.07
Octubre,2016,01/10/2016,132.7,139.35,135.43,109.02,145.05,146.87,113.22,123.36,121.42,130.36
Noviembre,2016,01/11/2016,132.85,139.43,135.67,109.2,145.25,146.88,114.03,123.31,121.41,130.69
Diciembre,2016,01/12/2016,133.4,140.51,136.02,109.31,145.55,146.89,115.37,123.66,121.61,131.11
Enero,2017,01/01/2017,134.77,142.79,136.99,109.5,147.43,146.93,116.61,124.82,123.54,132.49
Febrero,2017,01/02/2017,136.12,143.81,137.57,110.06,149.05,156.89,115.48,125.32,125.57,134.64
Marzo,2017,01/03/2017,136.76,143.97,138.3,110.49,150.96,156.96,116.08,126.05,127.5,136.16
Abril,2017,01/04/2017,137.4,144.16,139.23,110.91,152.05,156.98,116.39,127.31,127.85,136.96
Mayo,2017,01/05/2017,137.71,144.26,139.91,111.08,152.7,156.99,116.27,127.55,127.79,137.24
Junio,2017,01/06/2017,137.87,143.96,140.25,111.29,153.24,157.01,119.59,127.58,127.73,137.4
Julio,2017,01/07/2017,137.8,143.88,140.1,111.36,153.57,157.06,118.53,127.58,127.74,137.68
Agosto,2017,01/08/2017,137.99,143.77,140.72,111.3,153.8,157.27,118.6,127.61,127.72,137.95
Septiembre,2017,01/09/2017,138.05,143.19,141.21,111.41,153.96,157.74,118.23,127.8,127.77,138.21
Octubre,2017,01/10/2017,138.07,142.85,141.51,111.32,154.25,157.75,118.6,127.84,127.77,138.34
Noviembre,2017,01/11/2017,138.32,142.93,141.94,111.47,154.49,157.76,119.4,128.09,127.9,138.57
Diciembre,2017,01/12/2017,138.85,143.21,142.13,111.48,154.77,157.76,124.24,129.24,129.43,138.69
Enero,2018,01/01/2018,139.72,144.93,142.59,111.56,156.57,157.77,124.74,130.15,129.48,139.36
Febrero,2018,01/02/2018,140.71,145.16,143.13,111.59,157.89,167.01,122.38,131.49,129.78,140.17
Marzo,2018,01/03/2018,141.05,145.38,143.71,111.56,159.32,167.05,121.91,131.94,129.78,140.4
Abril,2018,01/04/2018,141.7,146.34,144.84,111.56,160.01,167.06,121.52,132.05,129.78,140.69
Mayo,2018,01/05/2018,142.06,146.43,145.49,111.53,160.12,167.06,122.31,132.56,129.76,141.26
Junio,2018,01/06/2018,142.28,146.46,145.6,111.6,160.51,167.08,122.36,133.01,131.95,141.44
Julio,2018,01/07/2018,142.1,145.64,145.97,111.54,160.78,167.09,121.85,133.12,130.11,141.47
Agosto,2018,01/08/2018,142.27,145.69,146.49,111.61,160.99,167.3,121.01,133.19,129.87,141.53
Septiembre,2018,01/09/2018,142.5,146.12,146.75,111.55,161.3,167.8,120.85,133.19,129.91,141.61
Octubre,2018,01/10/2018,142.67,146.06,147.28,111.61,161.42,167.8,120.76,133.45,129.84,141.48
Noviembre,2018,01/11/2018,142.84,146.1,147.55,111.76,161.34,167.81,121.97,133.56,129.83,141.66
Diciembre,2018,01/12/2018,143.27,146.69,148,111.84,161.48,167.83,122.81,134.06,129.8,141.87
